user_type,avg_ride_length
casual,44.97464193668728
member,16.116870970000583
